product_id,name,category,brand,price,rating
1,Apple Mobile 1,Mobile,Apple,31270,4.8
2,Apple Mobile 2,Mobile,Apple,45153,4.6
3,Apple Mobile 3,Mobile,Apple,26867,3.7
4,Apple Mobile 4,Mobile,Apple,9176,4.0
5,Apple Mobile 5,Mobile,Apple,17946,4.7
6,Apple Mobile 6,Mobile,Apple,11510,4.3
7,Apple Mobile 7,Mobile,Apple,1830,4.5
8,Apple Mobile 8,Mobile,Apple,6105,3.5
9,Apple Mobile 9,Mobile,Apple,40691,4.5
10,Apple Mobile 10,Mobile,Apple,49276,4.4
11,Samsung Mobile 1,Mobile,Samsung,12218,3.6
12,Samsung Mobile 2,Mobile,Samsung,3856,4.3
13,Samsung Mobile 3,Mobile,Samsung,23948,4.2
14,Samsung Mobile 4,Mobile,Samsung,18569,4.4
15,Samsung Mobile 5,Mobile,Samsung,49474,4.1
16,Samsung Mobile 6,Mobile,Samsung,14284,4.4
17,Samsung Mobile 7,Mobile,Samsung,27242,4.0
18,Samsung Mobile 8,Mobile,Samsung,23557,4.9
19,Samsung Mobile 9,Mobile,Samsung,38073,3.9
20,Samsung Mobile 10,Mobile,Samsung,28969,3.8
21,OnePlus Mobile 1,Mobile,OnePlus,44304,3.7
22,OnePlus Mobile 2,Mobile,OnePlus,5268,4.7
23,OnePlus Mobile 3,Mobile,OnePlus,13241,4.8
24,OnePlus Mobile 4,Mobile,OnePlus,7719,4.4
25,OnePlus Mobile 5,Mobile,OnePlus,9912,4.8
26,OnePlus Mobile 6,Mobile,OnePlus,49135,4.4
27,OnePlus Mobile 7,Mobile,OnePlus,17091,4.4
28,OnePlus Mobile 8,Mobile,OnePlus,41875,4.2
29,OnePlus Mobile 9,Mobile,OnePlus,41889,3.6
30,OnePlus Mobile 10,Mobile,OnePlus,44510,3.7
31,Dell Laptop 1,Laptop,Dell,11765,4.8
32,Dell Laptop 2,Laptop,Dell,11057,3.6
33,Dell Laptop 3,Laptop,Dell,46881,4.2
34,Dell Laptop 4,Laptop,Dell,20646,4.1
35,Dell Laptop 5,Laptop,Dell,3423,4.3
36,Dell Laptop 6,Laptop,Dell,20819,4.1
37,Dell Laptop 7,Laptop,Dell,45264,4.1
38,Dell Laptop 8,Laptop,Dell,3964,4.5
39,Dell Laptop 9,Laptop,Dell,21087,4.0
40,Dell Laptop 10,Laptop,Dell,18182,4.0
41,HP Laptop 1,Laptop,HP,21872,4.1
42,HP Laptop 2,Laptop,HP,15279,4.7
43,HP Laptop 3,Laptop,HP,19980,3.6
44,HP Laptop 4,Laptop,HP,30367,4.1
45,HP Laptop 5,Laptop,HP,32045,4.6
46,HP Laptop 6,Laptop,HP,23136,4.5
47,HP Laptop 7,Laptop,HP,5974,3.7
48,HP Laptop 8,Laptop,HP,24649,4.5
49,HP Laptop 9,Laptop,HP,2039,4.4
50,HP Laptop 10,Laptop,HP,34662,4.6
51,Lenovo Laptop 1,Laptop,Lenovo,34598,3.9
52,Lenovo Laptop 2,Laptop,Lenovo,46016,3.5
53,Lenovo Laptop 3,Laptop,Lenovo,49667,4.2
54,Lenovo Laptop 4,Laptop,Lenovo,45981,3.7
55,Lenovo Laptop 5,Laptop,Lenovo,49277,4.1
56,Lenovo Laptop 6,Laptop,Lenovo,9298,3.9
57,Lenovo Laptop 7,Laptop,Lenovo,38176,3.7
58,Lenovo Laptop 8,Laptop,Lenovo,47477,3.6
59,Lenovo Laptop 9,Laptop,Lenovo,22359,3.6
60,Lenovo Laptop 10,Laptop,Lenovo,32548,4.2
61,Nike Shoes 1,Shoes,Nike,16205,4.5
62,Nike Shoes 2,Shoes,Nike,6264,4.4
63,Nike Shoes 3,Shoes,Nike,8271,3.8
64,Nike Shoes 4,Shoes,Nike,15484,4.4
65,Nike Shoes 5,Shoes,Nike,19458,4.4
66,Nike Shoes 6,Shoes,Nike,13937,4.1
67,Nike Shoes 7,Shoes,Nike,43351,4.0
68,Nike Shoes 8,Shoes,Nike,38978,4.0
69,Nike Shoes 9,Shoes,Nike,5544,4.7
70,Nike Shoes 10,Shoes,Nike,14294,4.2
71,Adidas Shoes 1,Shoes,Adidas,44618,3.9
72,Adidas Shoes 2,Shoes,Adidas,23371,3.9
73,Adidas Shoes 3,Shoes,Adidas,10014,5.0
74,Adidas Shoes 4,Shoes,Adidas,34222,4.6
75,Adidas Shoes 5,Shoes,Adidas,43591,4.6
76,Adidas Shoes 6,Shoes,Adidas,24263,4.7
77,Adidas Shoes 7,Shoes,Adidas,42368,3.6
78,Adidas Shoes 8,Shoes,Adidas,20116,3.6
79,Adidas Shoes 9,Shoes,Adidas,26259,3.6
80,Adidas Shoes 10,Shoes,Adidas,25940,4.6
81,Puma Shoes 1,Shoes,Puma,39299,3.8
82,Puma Shoes 2,Shoes,Puma,47227,4.7
83,Puma Shoes 3,Shoes,Puma,7162,4.0
84,Puma Shoes 4,Shoes,Puma,20397,4.7
85,Puma Shoes 5,Shoes,Puma,31898,5.0
86,Puma Shoes 6,Shoes,Puma,39051,4.4
87,Puma Shoes 7,Shoes,Puma,13302,4.7
88,Puma Shoes 8,Shoes,Puma,21939,4.8
89,Puma Shoes 9,Shoes,Puma,45187,4.4
90,Puma Shoes 10,Shoes,Puma,15230,4.4
91,Titan Watch 1,Watch,Titan,34348,4.5
92,Titan Watch 2,Watch,Titan,10753,4.1
93,Titan Watch 3,Watch,Titan,19099,3.9
94,Titan Watch 4,Watch,Titan,22006,3.5
95,Titan Watch 5,Watch,Titan,23345,3.5
96,Titan Watch 6,Watch,Titan,9312,4.1
97,Titan Watch 7,Watch,Titan,36984,3.9
98,Titan Watch 8,Watch,Titan,29852,4.8
99,Titan Watch 9,Watch,Titan,40782,3.7
100,Titan Watch 10,Watch,Titan,6811,4.5
101,Fossil Watch 1,Watch,Fossil,6236,3.5
102,Fossil Watch 2,Watch,Fossil,25556,4.6
103,Fossil Watch 3,Watch,Fossil,23105,4.1
104,Fossil Watch 4,Watch,Fossil,41667,4.0
105,Fossil Watch 5,Watch,Fossil,23554,4.4
106,Fossil Watch 6,Watch,Fossil,29943,5.0
107,Fossil Watch 7,Watch,Fossil,4545,4.4
108,Fossil Watch 8,Watch,Fossil,38716,4.3
109,Fossil Watch 9,Watch,Fossil,37415,4.1
110,Fossil Watch 10,Watch,Fossil,43233,3.7
111,Casio Watch 1,Watch,Casio,6414,3.7
112,Casio Watch 2,Watch,Casio,38458,5.0
113,Casio Watch 3,Watch,Casio,8010,4.0
114,Casio Watch 4,Watch,Casio,36678,4.5
115,Casio Watch 5,Watch,Casio,4552,4.1
116,Casio Watch 6,Watch,Casio,27390,3.8
117,Casio Watch 7,Watch,Casio,12657,3.7
118,Casio Watch 8,Watch,Casio,19994,3.6
119,Casio Watch 9,Watch,Casio,47379,4.3
120,Casio Watch 10,Watch,Casio,22629,4.9
121,Sony Electronics 1,Electronics,Sony,11841,3.9
122,Sony Electronics 2,Electronics,Sony,27144,4.6
123,Sony Electronics 3,Electronics,Sony,45222,5.0
124,Sony Electronics 4,Electronics,Sony,33152,4.0
125,Sony Electronics 5,Electronics,Sony,20848,3.5
126,Sony Electronics 6,Electronics,Sony,21915,4.9
127,Sony Electronics 7,Electronics,Sony,45825,4.2
128,Sony Electronics 8,Electronics,Sony,42060,4.3
129,Sony Electronics 9,Electronics,Sony,41515,5.0
130,Sony Electronics 10,Electronics,Sony,21572,4.1
131,LG Electronics 1,Electronics,LG,48961,3.7
132,LG Electronics 2,Electronics,LG,19754,4.6
133,LG Electronics 3,Electronics,LG,17211,3.8
134,LG Electronics 4,Electronics,LG,43221,4.5
135,LG Electronics 5,Electronics,LG,21268,5.0
136,LG Electronics 6,Electronics,LG,11016,3.9
137,LG Electronics 7,Electronics,LG,28431,3.7
138,LG Electronics 8,Electronics,LG,20846,3.6
139,LG Electronics 9,Electronics,LG,6069,4.4
140,LG Electronics 10,Electronics,LG,31389,3.5
141,Boat Electronics 1,Electronics,Boat,10418,4.3
142,Boat Electronics 2,Electronics,Boat,21028,4.0
143,Boat Electronics 3,Electronics,Boat,48078,4.8
144,Boat Electronics 4,Electronics,Boat,25747,4.8
145,Boat Electronics 5,Electronics,Boat,7747,4.5
146,Boat Electronics 6,Electronics,Boat,32298,4.2
147,Boat Electronics 7,Electronics,Boat,49907,4.0
148,Boat Electronics 8,Electronics,Boat,10410,3.8
149,Boat Electronics 9,Electronics,Boat,26664,4.5
150,Boat Electronics 10,Electronics,Boat,42602,4.0
